symbol,ibkr_symbol,ibkr_exchange,trading_class,price_scale
ES,ES,CME,ES,1
NQ,NQ,CME,NQ,1
RTY,RTY,CME,RTY,1
YM,YM,CBOT,YM,1
FDAX,DAX,EUREX,FDAX,1
FESX,ESTX50,EUREX,FESX,1
TY,ZN,CBOT,ZN,1
US,ZB,CBOT,ZB,1
FGBL,GBL,EUREX,FGBL,1
EC,6E,CME,6E,1
BP,6B,CME,6B,1
JY,6J,CME,6J,100
SF,6S,CME,6S,1
AD,6A,CME,6A,1
CD,6C,CME,6C,1
NE1,6N,CME,6N,1
CL,CL,NYMEX,CL,1
HO,HO,NYMEX,HO,1
RB,RB,NYMEX,RB,1
NG,NG,NYMEX,NG,1
GC,GC,COMEX,GC,1
PL,PL,NYMEX,PL,1
HG,HG,COMEX,HG,1
C,ZC,CBOT,ZC,1
W,ZW,CBOT,ZW,1
KW,KE,CBOT,KE,1
S,ZS,CBOT,ZS,1
SM,ZM,CBOT,ZM,1
BO,ZL,CBOT,ZL,1
RR,ZR,CBOT,ZR,1
LC,LE,CME,LE,1
FC,GF,CME,GF,1
LH,HE,CME,HE,1
VX,VIX,CFE,VX,1
BTC,BTC,CME,BTC,1
