symbol,sec_type,exchange,currency,primary_exchange,last_trade_date_or_contract_month,multiplier
QQQ,STK,SMART,USD,NASDAQ,,
AAPL,STK,SMART,USD,NASDAQ,,
MSFT,STK,SMART,USD,NASDAQ,,
NVDA,STK,SMART,USD,NASDAQ,,
AMZN,STK,SMART,USD,NASDAQ,,
META,STK,SMART,USD,NASDAQ,,
GOOGL,STK,SMART,USD,NASDAQ,,
GOOG,STK,SMART,USD,NASDAQ,,
AVGO,STK,SMART,USD,NASDAQ,,
TSLA,STK,SMART,USD,NASDAQ,,
COST,STK,SMART,USD,NASDAQ,,
NFLX,STK,SMART,USD,NASDAQ,,
AMD,STK,SMART,USD,NASDAQ,,
PEP,STK,SMART,USD,NASDAQ,,
ADBE,STK,SMART,USD,NASDAQ,,
CSCO,STK,SMART,USD,NASDAQ,,
LIN,STK,SMART,USD,NASDAQ,,
TMUS,STK,SMART,USD,NASDAQ,,
CMCSA,STK,SMART,USD,NASDAQ,,
INTC,STK,SMART,USD,NASDAQ,,
TXN,STK,SMART,USD,NASDAQ,,
QCOM,STK,SMART,USD,NASDAQ,,
AMGN,STK,SMART,USD,NASDAQ,,
HON,STK,SMART,USD,NASDAQ,,
INTU,STK,SMART,USD,NASDAQ,,
AMAT,STK,SMART,USD,NASDAQ,,
BKNG,STK,SMART,USD,NASDAQ,,
ISRG,STK,SMART,USD,NASDAQ,,
VRTX,STK,SMART,USD,NASDAQ,,
ADP,STK,SMART,USD,NASDAQ,,
GILD,STK,SMART,USD,NASDAQ,,
MU,STK,SMART,USD,NASDAQ,,
REGN,STK,SMART,USD,NASDAQ,,
LRCX,STK,SMART,USD,NASDAQ,,
PANW,STK,SMART,USD,NASDAQ,,
MDLZ,STK,SMART,USD,NASDAQ,,
KLAC,STK,SMART,USD,NASDAQ,,
SNPS,STK,SMART,USD,NASDAQ,,
CDNS,STK,SMART,USD,NASDAQ,,
MELI,STK,SMART,USD,NASDAQ,,
ASML,STK,SMART,USD,NASDAQ,,
CRWD,STK,SMART,USD,NASDAQ,,
MAR,STK,SMART,USD,NASDAQ,,
ORLY,STK,SMART,USD,NASDAQ,,
CSX,STK,SMART,USD,NASDAQ,,
ABNB,STK,SMART,USD,NASDAQ,,
FTNT,STK,SMART,USD,NASDAQ,,
ADSK,STK,SMART,USD,NASDAQ,,
PYPL,STK,SMART,USD,NASDAQ,,
WDAY,STK,SMART,USD,NASDAQ,,
CHTR,STK,SMART,USD,NASDAQ,,
MNST,STK,SMART,USD,NASDAQ,,
PCAR,STK,SMART,USD,NASDAQ,,
CPRT,STK,SMART,USD,NASDAQ,,
NXPI,STK,SMART,USD,NASDAQ,,
ROP,STK,SMART,USD,NASDAQ,,
AEP,STK,SMART,USD,NASDAQ,,
FAST,STK,SMART,USD,NASDAQ,,
PAYX,STK,SMART,USD,NASDAQ,,
KDP,STK,SMART,USD,NASDAQ,,
CTAS,STK,SMART,USD,NASDAQ,,
EXC,STK,SMART,USD,NASDAQ,,
EA,STK,SMART,USD,NASDAQ,,
XEL,STK,SMART,USD,NASDAQ,,
IDXX,STK,SMART,USD,NASDAQ,,
CCEP,STK,SMART,USD,NASDAQ,,
VRSK,STK,SMART,USD,NASDAQ,,
GEHC,STK,SMART,USD,NASDAQ,,
MRVL,STK,SMART,USD,NASDAQ,,
KHC,STK,SMART,USD,NASDAQ,,
CSGP,STK,SMART,USD,NASDAQ,,
ODFL,STK,SMART,USD,NASDAQ,,
BIIB,STK,SMART,USD,NASDAQ,,
DXCM,STK,SMART,USD,NASDAQ,,
FANG,STK,SMART,USD,NASDAQ,,
TTWO,STK,SMART,USD,NASDAQ,,
ON,STK,SMART,USD,NASDAQ,,
CDW,STK,SMART,USD,NASDAQ,,
MCHP,STK,SMART,USD,NASDAQ,,
WBD,STK,SMART,USD,NASDAQ,,
GFS,STK,SMART,USD,NASDAQ,,
ILMN,STK,SMART,USD,NASDAQ,,
ARM,STK,SMART,USD,NASDAQ,,
DASH,STK,SMART,USD,NASDAQ,,
TTD,STK,SMART,USD,NASDAQ,,
BKR,STK,SMART,USD,NASDAQ,,
AZN,STK,SMART,USD,NASDAQ,,
TEAM,STK,SMART,USD,NASDAQ,,
DDOG,STK,SMART,USD,NASDAQ,,
ZS,STK,SMART,USD,NASDAQ,,
MDB,STK,SMART,USD,NASDAQ,,
CEG,STK,SMART,USD,NASDAQ,,
CTSH,STK,SMART,USD,NASDAQ,,
ROST,STK,SMART,USD,NASDAQ,,
LULU,STK,SMART,USD,NASDAQ,,
PDD,STK,SMART,USD,NASDAQ,,
SBUX,STK,SMART,USD,NASDAQ,,
ADI,STK,SMART,USD,NASDAQ,,
AXON,STK,SMART,USD,NASDAQ,,
APP,STK,SMART,USD,NASDAQ,,
SMCI,STK,SMART,USD,NASDAQ,,
SHOP,STK,SMART,USD,NASDAQ,,
