symbol,sec_type,exchange,currency,primary_exchange
SPY,STK,SMART,USD,ARCA
AAPL,STK,SMART,USD,NASDAQ
MSFT,STK,SMART,USD,NASDAQ
NVDA,STK,SMART,USD,NASDAQ
AVGO,STK,SMART,USD,NASDAQ
ORCL,STK,SMART,USD,NYSE
GOOGL,STK,SMART,USD,NASDAQ
META,STK,SMART,USD,NASDAQ
NFLX,STK,SMART,USD,NASDAQ
AMZN,STK,SMART,USD,NASDAQ
TSLA,STK,SMART,USD,NASDAQ
HD,STK,SMART,USD,NYSE
MCD,STK,SMART,USD,NYSE
COST,STK,SMART,USD,NASDAQ
PG,STK,SMART,USD,NYSE
KO,STK,SMART,USD,NYSE
JPM,STK,SMART,USD,NYSE
V,STK,SMART,USD,NYSE
BAC,STK,SMART,USD,NYSE
UNH,STK,SMART,USD,NYSE
LLY,STK,SMART,USD,NYSE
JNJ,STK,SMART,USD,NYSE
MRK,STK,SMART,USD,NYSE
XOM,STK,SMART,USD,NYSE
CVX,STK,SMART,USD,NYSE
CAT,STK,SMART,USD,NYSE
GE,STK,SMART,USD,NYSE
LIN,STK,SMART,USD,NASDAQ
NEE,STK,SMART,USD,NYSE
PLD,STK,SMART,USD,NYSE
